{
  "rsa": {
    "keygen": {
      "times_ms": [
        55.91279999953258,
        32.36430000015389,
        24.834699999701115,
        55.83229999956529,
        26.569800000288524,
        33.38600000006409,
        45.90559999996913,
        38.51059999942663,
        50.44300000008661,
        21.233599999504804
      ],
      "mean_ms": 38.5,
      "stdev_ms": 12.22,
      "min_ms": 21.23,
      "max_ms": 55.91
    },
    "encaps": {
      "times_ms": [
        0.5332999999154708,
        0.09659999977884581,
        0.10730000030889641,
        0.11160000030940864,
        0.10699999984353781,
        0.10720000045694178,
        0.10890000066865468,
        0.10180000026593916,
        0.07729999924777076,
        0.10030000066763023
      ],
      "mean_ms": 0.15,
      "stdev_ms": 0.13,
      "min_ms": 0.08,
      "max_ms": 0.53
    },
    "decaps": {
      "times_ms": [
        1.136900000346941,
        1.1334999999235151,
        1.1035999996238388,
        1.1143999990963493,
        1.104200000554556,
        1.1110999994343729,
        1.1002000001099077,
        1.1131000001114444,
        1.3239999998404528,
        1.0996000000886852
      ],
      "mean_ms": 1.13,
      "stdev_ms": 0.06,
      "min_ms": 1.1,
      "max_ms": 1.32
    }
  },
  "elgamal": {
    "keygen": {
      "times_ms": [
        21.4587999998912,
        21.12409999972442,
        21.989599999869824,
        21.778599999379367,
        21.33519999915734,
        21.819800000230316,
        21.215999999185442,
        21.17499999985739,
        21.358999999392836,
        21.111899999596062
      ],
      "mean_ms": 21.44,
      "stdev_ms": 0.3,
      "min_ms": 21.11,
      "max_ms": 21.99
    },
    "encaps": {
      "times_ms": [
        47.120299999733106,
        48.86340000030032,
        47.08010000013019,
        50.30689999966853,
        46.6470000001209,
        46.657199999572185,
        46.98999999982334,
        46.76040000049397,
        46.83589999967808,
        46.669000000292726
      ],
      "mean_ms": 47.39,
      "stdev_ms": 1.15,
      "min_ms": 46.65,
      "max_ms": 50.31
    },
    "decaps": {
      "times_ms": [
        52.17110000012326,
        51.81579999953101,
        52.3628999999346,
        51.72180000045046,
        51.246099999843864,
        51.62380000001576,
        53.82939999981318,
        51.0521999995035,
        51.18829999992158,
        51.50049999974726
      ],
      "mean_ms": 51.85,
      "stdev_ms": 0.77,
      "min_ms": 51.05,
      "max_ms": 53.83
    }
  },
  "hybrid": {
    "keygen": {
      "times_ms": [
        13.986500000100932,
        23.636300000362098,
        45.16879999937373,
        50.658799999837356,
        36.85909999967407,
        20.03489999970043,
        37.098199999491044,
        75.2518000008422,
        55.68140000013955,
        135.25119999940216
      ],
      "mean_ms": 49.36,
      "stdev_ms": 33.45,
      "min_ms": 13.99,
      "max_ms": 135.25
    },
    "encaps": {
      "times_ms": [
        0.35369999932299834,
        0.1125999997384497,
        0.1275000004170579,
        0.1388000000588363,
        0.12620000052265823,
        0.07710000045335619,
        0.08350000007339986,
        0.14250000003812602,
        0.09810000028664945,
        0.13500000022759195
      ],
      "mean_ms": 0.14,
      "stdev_ms": 0.07,
      "min_ms": 0.08,
      "max_ms": 0.35
    },
    "decaps": {
      "times_ms": [
        1.1692999996739672,
        1.1022000007869792,
        1.096799999686482,
        1.2577999996210565,
        1.1024999994333484,
        1.0987000005115988,
        1.1743000004571513,
        1.105700000152865,
        1.0922000001301058,
        1.100199999200413
      ],
      "mean_ms": 1.13,
      "stdev_ms": 0.05,
      "min_ms": 1.09,
      "max_ms": 1.26
    }
  },
  "vodh": {
    "keygen": {
      "times_ms": [
        139.05679999970744,
        83.96850000008271,
        39.617899999939254,
        110.83439999947586,
        92.63999999984662,
        51.983600000312435,
        46.677599999384256,
        50.50039999969158,
        40.786599999592,
        68.36380000004283
      ],
      "mean_ms": 72.44,
      "stdev_ms": 31.8,
      "min_ms": 39.62,
      "max_ms": 139.06
    },
    "encaps": {
      "times_ms": [
        49.41599999983737,
        47.30680000011489,
        48.50689999966562,
        47.54709999997431,
        47.026399999595014,
        46.946099999331636,
        46.716299999388866,
        48.270700000102806,
        47.51320000013948,
        46.629399999801535
      ],
      "mean_ms": 47.59,
      "stdev_ms": 0.85,
      "min_ms": 46.63,
      "max_ms": 49.42
    },
    "decaps": {
      "times_ms": [
        54.05049999990297,
        52.753100000700215,
        52.39700000038283,
        52.830599999651895,
        51.8779000003633,
        52.5443999995332,
        52.66889999984414,
        52.43460000019695,
        52.418999999645166,
        51.99209999955201
      ],
      "mean_ms": 52.6,
      "stdev_ms": 0.56,
      "min_ms": 51.88,
      "max_ms": 54.05
    }
  }
}